{
    "name": "Applied-Energistics-2",
    "version": "0.4.9",
    "title": "Energia Aplicada 2",
    "author": "LUIS DAS ARTIMANHAS",
    "contact": "luisaugustodesouza785@gmail.com",
    "homepage": "https://github.com/LUISDASARTIMANHAS/Applied-Energistics-2-Factorio-version/",
    "description": "Mod que importa as mecanicas do Applied Energistics 2, inspirado (mas não afiliado ao mod Minecraft Applied Energistics 2).",
    "factorio_version": "1.1",
    "dependencies": [
        "base >= 1.1.80",
        "flib >= 0.12.9"
    ],
    "license": "GNU General Public License v3.0",
    "thumbnail": "thumbnail.png"
}